T√≠tulo,Rese√±a,Conteo de Palabras,T√≠tulo_Sentimiento,Rese√±a_Sentimiento,Rating,Valor_Sentimiento
Sin conexi√≥n,"Hola desde hace algo m√°s de un mes me pone sin conexi√≥n y no sale nada, antes me funcionaba correctamente.",23,Negativo,Negativo,1,-0.486389255
faltan cosas,Han mejorado la apariencia pero no,20,Negativo,Negativo,1,-0.586187473
Es muy buena lo recomiendo,Andres lo amoooo,4,,Negativo,1,-0.602240275
Version antigua,Me gustana mas la version anterior esta es mas complicada de usar hay gente cambiandosevpor esevmotivo gracias,17,,Negativo,1,-0.616271206
Esta bien,Sin ser la biblia.... Esta bien,6,Negativo,Negativo,1,-0.651783601
Buena,Nada del otro mundo pero han mejorado mucho,8,Positivo,Negativo,1,-0.720442926
De gran ayuda,"Lo malo q necesita de ‚Ä¶,pero la app es muy buena",23,Positivo,Negativo,1,-0.726825409
Muy buena,"Estaba m√°s acostumbrado al otro dise√±o, pero es cosa de acostunbrarse .. la aplicaci√≥n es esc√©pcional",16,Positivo,Negativo,1,-0.736769471
Ta to guapa.,Va de esc√°ndalo,21,Positivo,Negativo,1,-0.765283703
Se han corregido,Han corregido muchos fallos pero el dise√±o es contrario al pedido por Google,13,Negativo,Negativo,1,-0.79796123
Parece que va mejor.,No se cuelga tanto,4,Positivo,Negativo,1,-0.833487598
Dice q hay una nueva versi√≥n?,Xq no me sale la opci√≥n de actualizarla entonces?,9,Negativo,Negativo,1,-0.838466532
√ötil,Falta opci√≥n,4,Positivo,Negativo,1,-0.888559035
Me indica una nueva version,"Dice que existe una nueva version, pero no sale actualizacion, e probado a borrarla y volver a instalarla, pero el mensaje sigue apareciendo",23,Negativo,Negativo,1,-1.002696145
No me funciona,Mui buena pero a veces no acen,14,Negativo,Negativo,1,-1.083269285
Hay que mejorar,"No funcionan las notificaciones, y deber√≠an‚Ä¶ Por lo dem√°s correcto",20,Positivo,Negativo,1,-1.098109765
Muy bien ..pero,‚Ä¶,26,Negativo,Negativo,1,-1.104468791
No va,Pero esta bloqueado y no me funciona,7,Positivo,Negativo,1,-1.112223077
Bien,No es precisa del todo,5,Positivo,Negativo,1,-1.275411496
Bastante bien,"Muy √∫til, pero hay ‚Ä¶",22,Positivo,Negativo,1,-1.286009268
Muy buena idea,Aun faltan muchos,13,Positivo,Negativo,1,-1.455639535
No remata...,En que se basa?...no termina de cuadrarme...,7,Negativo,Negativo,1,-1.479432802
Note 3,Esta bien la aplicaci√≥n pero se nota k....sin mas comentarios.,18,Negativo,Negativo,1,-1.498305536
Es buena,No me deja,4,Positivo,Negativo,1,-1.780889062
Ya funciona,Errores corregidos.,2,Positivo,Negativo,1,-2.276469027
Sobre permisos,"Permisos a tus fotos, llamadas, conexiones wifi, etc. No nos damos cuenta pero con toda la info. que compartimos con estas apk. Nos pueden quitar nuestra intimidad. Apk borrada.",29,Positivo,Positivo,1,0.107671418
identificacion de user,Estar√≠a bien que cada. Cuando tienes m√°s de una no pone a cual corresponde y,30,Negativo,Positivo,2,-0.062615804
Fantastica,Aunque todo es mejorable le doy estrellas por su enorme utilidad‚Ä¶,63,Positivo,Positivo,2,-0.063282142
Ojo!,"Lo tengo desde hace meses, pero en la actualizaci√≥n de hoy 1 de mayo de 2015 mi antiviruslo ha detectado como aplicaci√≥n potencialmente peligrosa y lo he desinstalado.",33,Negativo,Positivo,2,-0.130138469
Bastante √∫til y f√°cil de utilizar,"Me ayuda bastante y la gente, a ‚Ä¶",34,Positivo,Positivo,2,-0.201709903
"Buena app, pero","Buena app, pero‚Ä¶",76,,Negativo,2,-0.295193698
Separar las islas!!!,Porfa separen ‚Ä¶,34,Negativo,Negativo,2,-0.5529857
vuelve a funcionar,Vuelve a funcionar como debe de ser. La tenemos que cuidar y actualizar todos. ‚Ä¶,36,Negativo,Negativo,2,-0.615021775
Demasiados feaute,A ver......tiene much√≠simos ‚Ä¶.no mola nada,63,Negativo,Negativo,2,-0.642228431
Bien,"Se podr√≠a mejorar haciendo uso del ,,,",45,Positivo,Negativo,2,-0.747804764
Mucho que mejorar,"La interfaz de usuario es p√©sima, no hay por donde cogerla. Lo ideal ser√≠a seguir Material Design de Google y no perder el tiempo con interfaces feas.",27,Positivo,Negativo,2,-0.769308687
No pude FINALIZAR!!!!,La APP no se cierra nunca. ‚Ä¶ Tengo que desinstalarla y reinstalarla cada vez que quiera usarla,32,Negativo,Negativo,2,-0.950120972
No te hacen caso,No veo l√≥gico ni competitivo ni de calidad‚Ä¶,103,Negativo,Negativo,2,-1.707267574
Avitar,‚Ä¶,22,Negativo,Positivo,2,0.052840598
Donde esta el Catal√°n,Con eso esta dicho todo. Y quede claro que no tengo nada contra el idioma de Cervantes (no como otros).,20,Positivo,Positivo,2,0.057927909
Imprescindible,Desde que la tengo hace meses que no‚Ä¶,27,Positivo,Positivo,2,0.073778555
Util,"Funciona bien,‚Ä¶",9,,Positivo,3,-0.012039394
vale la pena,A mi me ‚Ä¶ la encuentro genial.,13,Positivo,Positivo,3,-0.015018771
Genial,Por lo menos ‚Ä¶,15,Positivo,Positivo,3,-0.022034568
Excelente,Te ‚Ä¶mucho,3,Positivo,Positivo,3,-0.03615527
Por fin algo bueno,Esto es lo que hac√≠a falta,6,Positivo,Positivo,3,-0.048438514
Fiable,Es fiable la aplicaci√≥n ya lo e comprobado y la recomiendo solo q tarda‚Ä¶,20,Positivo,Positivo,3,-0.061754835
Muy pr√°ctica,Interesante y funcional,3,Positivo,Positivo,3,-0.06548326
Ahora ya funciona,Ahora ya funciona mejor pero la‚Ä¶,13,Positivo,Positivo,3,-0.070440623
Muy √ötil,Me ‚Ä¶.,9,Positivo,Positivo,3,-0.074483428
Oki,Mola,1,Positivo,Positivo,3,-0.083467049
Mola,Mola,1,Positivo,Positivo,3,-0.083467049
A por ellos,Hay que‚Ä¶,5,Positivo,Positivo,3,-0.088824486
Muy buena,Mola mucho,2,Positivo,Positivo,3,-0.089638832
Buena aplicacion,Buena ayuda para u,7,Positivo,Positivo,3,-0.092401151
Fiable,Las notificaciones‚Ä¶.,15,Positivo,Positivo,3,-0.096386549
Su fin lo cumple,"La aplicaci√≥n es bastante buena para lo que es,",23,Positivo,Positivo,3,-0.100421824
Muy buena,Ayuda mucho ‚Ä¶,4,Positivo,Positivo,3,-0.106498437
por la red,Hay veces que bien otras que t,9,Positivo,Positivo,3,-0.107455665
Muy buena,Avisa de todo,3,Positivo,Positivo,3,-0.10775524
Muy √∫til,Muy √∫til. Si vais a,8,Positivo,Positivo,3,-0.108143715
Me gusta,Es una buena herramienta para‚Ä¶,10,,Positivo,3,-0.11096697
relajada,Da gusto estar ‚Ä¶,6,Positivo,Positivo,3,-0.114317203
Muy util,‚Ä¶,3,Positivo,Positivo,3,-0.116131739
La idea esta bien,Hecho en falta un interface,19,Negativo,Positivo,3,-0.13794345
bien,B,1,Positivo,Positivo,3,-0.139860756
Esta muy bien.,.,1,Positivo,Positivo,3,-0.139860756
üëç,üòÇüëç,1,,Positivo,3,-0.139860756
Buen√≠sima,"A.,,",1,,Positivo,3,-0.139860756
Y,Ole,1,Positivo,Positivo,3,-0.171700729
ES MUY BUENA,A‚Ä¶,1,Positivo,Positivo,3,-0.213091986
Ahora va genial,Se han solucionado los problemas todo bien,7,Positivo,Positivo,3,-0.227463145
Muy buena,Esta chevere,2,Positivo,Positivo,3,-0.23629542
Es activa,Es activo e‚Ä¶,5,Positivo,Positivo,3,-0.24672981
Me gusta,Vai moi ben.vestrelas,4,Positivo,Positivo,1,-0.25602622
Parece que mejor√≥.,Ya parece que conecta.,4,Negativo,Positivo,3,-0.256111608
Buena,Interfaz horrible pero con buenas aportaciones. Deberian incluir que,17,Positivo,Positivo,3,-0.257638999
Si pero con mejoras,‚Ä¶,23,Negativo,Negativo,3,-0.30049062
muy bueno,Cuabta m√°s mejor,4,Positivo,Negativo,1,-0.31181989
Muy bueno,‚Ä¶,13,Positivo,Negativo,1,-0.348732833
Le doy por ahora,"Es buena app y muy aconsejable, pero mejorable no funciona la",12,Negativo,Negativo,1,-0.355790363
Maravilloso,Para q no,6,Positivo,Negativo,1,-0.365336587
Funcionaba pero,La a√±o funcionaba perfectamente tras la tercera actualizaci√≥n no funciona en mi wiko rainbow,14,Negativo,Negativo,1,-0.3761208
Una pena,La nueva versi√≥n ‚Ä¶ de la vaca.,7,,Negativo,1,-0.39684951
Problema,"Me funcionaba perfectamente, y era super util, ahora derrepente no funciona, me dice que hay un error. Probe a desinstalarlo e instalarlo de nuevo y nada.Es una pena",28,Positivo,Negativo,3,-0.406623378
No functiona,Ten√©is que ponerlo a punto,5,Negativo,Negativo,1,-0.439639326
Muy practico,"esta muy bien, si de‚Ä¶",23,Positivo,Negativo,3,-0.44673019
Bien,Se actualiza la,7,Positivo,Negativo,1,-0.465645606
Aplicaci√≥n aceptable,Buena pero muy mejorable,4,Negativo,Negativo,1,-0.466101534
No funciona bien y va muy lento,Fuera de mi casa sin wifi funciona fatal por eso estrellas y haber si arreglais las interferencias,18,Negativo,Negativo,1,-0.493784343
Muy buena,Buenas tardes necesito saber como hago para que‚Ä¶,20,,Positivo,3,0.001545803
diversos.,"La nueva actualizaci√≥n, trae ",5,Positivo,Positivo,3,0.004819818
buena arma,Muyyyyy util y beneficiosa,4,Positivo,Positivo,3,0.020339695
Impresionante.,"Han corregido errores y han conseguido una aplicaci√≥n muy muy buena. Buen trabajo chavales, gracias y a seguir mejorando.",19,Positivo,Positivo,3,0.034394297
Practica,"Resulta practica y util, sobre todo en",17,Positivo,Positivo,3,0.035112342
MUY BUENO!!!!,Facil para,12,Positivo,Positivo,3,0.039896364
Siempre,Siempre es mejorable,3,Positivo,Positivo,3,0.042368594
Perfecto,Ole las buenas aplicaciones para ,9,Positivo,Positivo,3,0.048475323
Actualizaci√≥n arreglada,Ya funciona correctamente de nuevo,5,Positivo,Positivo,3,0.066693548
Buena,La han reparado y funciona bien,6,Positivo,Positivo,3,0.078156621
Excelente y muy buena,Sigan as√≠,2,Positivo,Positivo,3,0.081264411
Buena App,Muy util para,18,Positivo,Positivo,3,0.104674162
Buena aplicaci√≥n,Sitio donde ,4,,Positivo,3,0.125126183
Hay que hacerla sencillas de usar,Falta desarrollo pero es buena sin duda. Si funcionara con el de,15,Positivo,Positivo,3,0.132087095
Va muy bien,Fenomenal para,5,Positivo,Positivo,3,0.136206682
√ötil...,Funciona bien..un 9 .,4,,Positivo,3,0.136881606
Bien,Bien,1,Positivo,Positivo,3,0.151900352
Buena,‚Ä¶,1,Positivo,Positivo,3,0.153140606
Gran aplicaci√≥n,Te tiene al,6,Positivo,Positivo,3,0.157435907
Perfecto,"Hace lo que dice, va bien",6,Positivo,Positivo,3,0.160616169
Muy precisa,Correcta en sus puntos,4,Positivo,Positivo,3,0.170650591
Ayuda,Falta precisar,16,Positivo,Positivo,3,0.190014895
es maravillosa,si todo el,12,Positivo,Positivo,3,0.201198611
Esta muy bien,Sobre todo para los que,9,Positivo,Positivo,3,0.212673734
Muy practico,Mientras nos tomemos,11,Positivo,Positivo,3,0.21822988
Interesante y eficaz,Vale la pena descargarla,4,Positivo,Positivo,3,0.237716862
Incre√≠ble,‚Ä¶,8,Positivo,Positivo,3,0.238395932
Espero que,Espero que con esta nueva actualizaci√≥n vuelva a sus origenes. Recomendable,11,Positivo,Positivo,3,0.244712651
estupendo ya corregido,mejor que las que e privado,6,Positivo,Positivo,3,0.246868564
¬°Pr√°ctico!,Dependes de la,11,Positivo,Positivo,3,0.281624176
"Es buena,a mejorar!!!",Si avisara por,8,Positivo,Positivo,3,0.283673332
Muy buena apk.,Perffectoo....,1,Positivo,Positivo,3,0.288223609
Ahora si,Por fin an puesto por,10,Positivo,Positivo,3,0.297272009
Muy buena,Util,1,,Positivo,3,0.297443333
Me gusta,Es una ayuda,3,,Positivo,3,0.297790758
Jose,Es verdad lo que cuenta...,5,Negativo,Positivo,3,0.301520901
eficaz,A mi me gusta.si,22,Positivo,Positivo,3,0.308423871
Buenisima!,Muy precisa,2,Positivo,Positivo,3,0.310467655
Buena,Muy bueno,2,Positivo,Positivo,3,2.066293714
Recomendable,Recomendable,1,Positivo,Positivo,3,2.494901903
Ahora si va mucho mejor,La nueva actualizaci√≥n funciona bien. Ahora s√≠,7,Positivo,Positivo,4,0.107110756
Ahora si. Todo perfecto,Es muy √∫til y funciona muy bien. El √∫nico problema que tenia es que no me funcionaba‚Ä¶,38,Positivo,Positivo,2,0.1367655
Muy util,Pero lo ideal solo seria‚Ä¶,49,Positivo,Positivo,2,0.145602058
Ahora va muy bien.,"Hace tiempo se hizo una actualizaci√≥n con la cual dejaba de funcionar, ahora han vuelto a actualizarlo y vuelve a funcionar como antes, perfectamente, muchas gracias.",28,Positivo,Positivo,2,0.157160061
No esta nada mal,Soy de y tiene bastantes‚Ä¶,52,Negativo,Positivo,2,0.193290805
Practica,Muy util para los que‚Ä¶,17,,Positivo,4,0.199282782
Es una gran aplicacion!,Es muy practica para aquellos que,34,Positivo,Positivo,2,0.214543251
Mucho mejor,"Seguid as√≠, la aplicacion ha mejorado mucho desd aquella actualizacion q casi se la carga. Ahora es todo configurable, ademas de ser mas rapido el funcionamiento.",49,Positivo,Positivo,2,0.226819347
Me gusta pero........,"le dare las 5 estrellas, cuando consiga‚Ä¶",16,Negativo,Positivo,4,0.236713
Ahora si,Haber kon anterioridad le di 1 * xke su version no me gustaba la veia un poko‚Ä¶,42,Positivo,Positivo,2,0.264090991
Buena,Anda ya los,22,,Positivo,4,0.272991278
FUNCIONA,Me funciona bastante bien,4,Positivo,Positivo,4,0.31591429
Mal usada,La aplicacion es perfecta. Lo ke veo incorrecto es,42,Negativo,Positivo,2,0.319576097
jorge,Gracias a los creadores de la app y a las personas que,27,Positivo,Positivo,2,0.358094904
Luis Miguel,"Sinceramente es una App,muy buena,la verdad‚Ä¶",35,Positivo,Positivo,4,0.397294136
Me meti y me,buena aplicacion espero que no cambie,17,Positivo,Positivo,4,0.400986299
Pep Vich,Muy util para la gente q,16,Positivo,Positivo,4,0.472361854
Muy √∫til,Cuando est√°s tanto tiempo ‚Ä¶ esta aplicaci√≥n lo hace. Felicidades.,21,Positivo,Positivo,4,0.511458957
Hay que darle,Es muy √∫til,16,Positivo,Positivo,4,0.513035456
Cre√≥ que es muy interesante,‚Ä¶ lo m√≠nimo es agradec√©rselo,21,Positivo,Positivo,4,0.528874072
Estupendo,"Va de lujo, para tener",21,Positivo,Positivo,4,0.581933731
Est√° bien,"Buena app, habr√≠a q depurarla un poco pero van en buen camino.",12,Negativo,Positivo,4,0.743364666
Genial,Me parece fant√°stica me esta siendo s√∫per √∫til por diversos motivos e intento,25,Positivo,Positivo,4,0.808384457
Genial esta versi√≥n,Cumple las expectativas y en,25,Positivo,Positivo,4,0.813521314
Me encanta!,"Buenisima aplicaci√≥n, la deber√≠an de tener ‚Ä¶ Muy recomendable.",30,Positivo,Positivo,4,0.870910603
Genial!,"Una aplicaci√≥n muy buena, lo √∫nico que cambiar√≠a ser√≠a ‚Ä¶ Por lo dem√°s perfecta",19,Positivo,Positivo,4,0.911597568
Buena aplica,Aplicacion muy buena y la mejora a sido muy buena!,10,Positivo,Positivo,4,2.078532595
Muy buena,Siempre viene bien....,4,Positivo,Positivo,5,0.319411556
aora si,Gracias,3,Positivo,Positivo,5,0.335547529
Genial,Hasta la fecha ‚Ä¶ La recomiendo,9,Positivo,Positivo,5,0.340635633
Ya funciona,‚Ä¶,1,Positivo,Positivo,5,0.3408375
Hoy por hoy la mejor,La mejor app de ‚Ä¶ de todas,9,Positivo,Positivo,5,0.344928677
Nada mal...muy buena...,‚Ä¶,2,Positivo,Positivo,5,0.373012776
Funciona muy bien,"Es perfecta,al menos en.",5,Positivo,Positivo,5,0.377285863
Ok,Ok,1,Positivo,Positivo,5,0.410584089
Muy buena,A ver si as√≠ nos podemos l,12,Positivo,Positivo,4,0.416996065
Jose,"Tendria q funcionar tambien sin sonido,solo con vibracion",8,Positivo,Positivo,5,0.436012329
buenisima,funciona como un tiro indispensable para,13,Positivo,Positivo,4,0.458069978
Genial,Va de lujo con la actualzacion,6,Positivo,Positivo,5,0.462591719
P√©sima actualizaci√≥n,"Antes iba de lujo, ahora falla siempre",7,Negativo,Positivo,5,0.475377614
Muy buena,"Despu√©s de los √∫ltimos arreglos va muy buen, espero que no tropiecen.",12,Positivo,Positivo,4,0.502011059
Excelente.!,Realmente √∫til.!,2,Positivo,Positivo,5,0.531342836
Magnifica,Lo mejor,2,Positivo,Positivo,5,0.556533077
Excelente,Para saber,11,Positivo,Positivo,4,0.590758436
Desde que an Actualizado,Esta muy bien la aplicacion,5,Positivo,Positivo,5,0.598366063
Guena,Esta muy bien a ver si es verdad os doy 5 estrellas,12,Positivo,Positivo,4,0.626541135
Util a tiempo real,De gran ayuda cuando,5,,Positivo,5,0.634095881
Mejorado,Va mejorando su funcionamiento. Buen trabajo,6,Positivo,Positivo,5,0.644796832
Muy buena,Bastante √∫til para,8,Positivo,Positivo,5,0.647471794
Muy util,Me gusta,2,Positivo,Positivo,5,0.650792126
Muy buena,La aplicaci√≥n funciona de maravilla,7,Positivo,Positivo,5,0.651691434
Buena aplicacion,"Est√° bien, aun puede mejorar. Gracias un gran trabajo",9,Positivo,Positivo,5,0.660120248
muy util,perfecta para‚Ä¶,12,Positivo,Positivo,4,0.664222118
Me parece una gran aplicaci√≥n,Es muy √∫til para las,11,Positivo,Positivo,5,0.666521782
Me a gustado,Buena app para,5,Positivo,Positivo,5,0.670468061
Buena,Pues eso....muy buena......,3,Positivo,Positivo,5,0.680167042
Muy buena,Aunque orientativa...... Y de buena ayuda,6,Positivo,Positivo,5,0.68187963
george,Por ahra util,3,Negativo,Positivo,5,0.681936812
Actualizaci√≥n no funciona,Con la nueva actualizaci√≥n q puedes elegir dise√±o est√° perfecta,10,Negativo,Positivo,5,0.693038888
Perfecta,Ahora est√° muy bien,4,Positivo,Positivo,5,0.694613288
Fant√°stico,Una estupenda aplicaci√≥n,3,Positivo,Positivo,5,0.7036849
buena,‚Ä¶,2,,Positivo,5,0.727406479
Grande!!,"Gran aplicaci√≥n,",2,Positivo,Positivo,5,0.729000659
Muy buena,Especially buenisima,2,Positivo,Positivo,5,0.736484972
arreglado,el nuevo update va muy bien.,6,Positivo,Positivo,5,0.777594411
Muy buena,Buena aplicaci√≥n,2,Positivo,Positivo,5,0.789284099
Buena.,Buena aplicaci√≥n.,2,Positivo,Positivo,5,0.789284099
Muy buena,Aun la estoy probando pero de momento me gusta,9,Positivo,Positivo,5,0.794210584
Perfecta,Por fin. 5 estrellas y cien por cien recomendable,9,Positivo,Positivo,5,0.796459239
Muy util,Es muy buena y de utilidad,6,Positivo,Positivo,5,0.825006227
Buena,esta muy bien as√≠ nos,10,Positivo,Positivo,5,0.848620381
buena y necesaria,Perfecta en su fabricacion. Guncioma de diez y,12,,Positivo,4,0.876945568
Buena,Esta muy bien..,3,Positivo,Positivo,5,0.950244538
Muy completa,Esta muy bien,3,,Positivo,5,0.950244538
Ahora va bien,Cambios para mejor solucionados muchos problemas .va muy bien la aplicaci√≥n.gracias,11,Positivo,Positivo,4,0.970349549
de utilidad,"Muy buena, y muy util para",9,,Positivo,5,0.983343647
Buena herramienta,Me parece genial.,3,,Positivo,5,0.984503987
Magnifica,Es de las mejores app que e probado y es,15,Positivo,Positivo,4,0.98753342
Buena,Muy buena app para,7,Positivo,Positivo,5,1.015806703
app muy buena,Me parece muy buena y de gran ayuda,8,Positivo,Positivo,5,1.034916382
Gran aplicacion,"Sencilla de usar y muy util,",7,Positivo,Positivo,5,1.080510083
Buena,Es muy buena y muy,6,Positivo,Positivo,5,1.112476408
Ya funciona,"Ya va como empez√≥, sin problemas, muy √∫til para los que",18,Positivo,Positivo,4,1.117629398
Buena,MUY UTIL. FACIIL MANEJO,4,Positivo,Positivo,5,1.13248594
Perfecta,Fenomenal!,1,Positivo,Positivo,5,1.165488007
Me gusta,Fenomenal....,1,Positivo,Positivo,5,1.165488007
Buena,Muy buena est√°n haciendo un buen trabajo,7,Positivo,Positivo,5,1.17386917
Va genial,Lo recomiendo :-),3,Positivo,Positivo,5,1.175564348
una makina,muy practico,2,Positivo,Positivo,5,1.204501619
Muy util,"Es muy util,y muy buena",5,Positivo,Positivo,5,1.213158403
bueno,Bueno,1,Positivo,Positivo,5,1.213942171
Muy buena,"Con la nueva actualizaci√≥n va de lujo, arreglados todos los fallos, muy buena aplicaci√≥n",14,Positivo,Positivo,4,1.25207452
Noe,Una maravilla,2,Positivo,Positivo,5,1.271260474
Estupenda!,Una gran ayuda!,3,Positivo,Positivo,5,1.294011254
Muy buena aplicacion,Muy bien pensado!!funkciona a!,6,Positivo,Positivo,5,1.362262394
Simplemente perfecto,Muy √∫til,2,Positivo,Positivo,5,1.379529915
Recomendada,Muy √∫til!,2,Positivo,Positivo,5,1.379529915
Probe y me gust√≥,Va genial. ...era lo que buscaba,6,,Positivo,5,1.39564578
Me guata bastante.,Funciona muy bien.,3,Negativo,Positivo,5,1.405697
muy buena,m parece una muy buena aplicaci√≥n facil d interpretar,9,Positivo,Positivo,5,1.41372294
ahora si!!!,"ahora si,perfecto,gracias!!!!",2,Positivo,Positivo,5,1.422714216
Muy buena aplicacion,Funciona muy bien y es muy util,7,Positivo,Positivo,5,1.425076792
Genial,De momento va todo genial,5,Positivo,Positivo,5,1.496927089
estupenda ami me va genial gracias y sigan mejorandola,estupenda ami me va genial gracias y sigan mej,9,,Positivo,5,1.527796804
Ok,Muy bien,2,Positivo,Positivo,5,1.593300806
Muy bien,Muy bien...,2,,Positivo,5,1.593300806
Recomendable,Muy buena aplicaci√≥n.,3,Positivo,Positivo,5,1.630899896
Muy buena,Excelente aplicacion. Muy completa con,15,Positivo,Positivo,4,1.769817743
Genial,Fant√°stica,1,Positivo,Positivo,5,1.837082363
util,Muy buena me gusta mucho,5,Positivo,Positivo,5,1.8818057
Excelente,Muy buena app,3,Positivo,Positivo,5,1.943862418
FANTASTICA,Muy buena app,3,Positivo,Positivo,5,1.943862418
Necesita mejorar.,Excelente App!,2,Positivo,Positivo,5,2.052931905
Encantada,Muy pr√°ctica y f√°cil de usar. 100%recomendable,7,Positivo,Positivo,5,2.055556394
Muy buena,Muy buena,2,Positivo,Positivo,5,2.066293714
Muy buena,Muy buena,2,Positivo,Positivo,5,2.066293714
Muy buena aplicaci√≥n me encanta,Muy bueno,2,,Positivo,5,2.066293714
Muy buena aplicaci√≥n,"Funciona genial, muy buena aplicaci√≥n.",5,Positivo,Positivo,5,2.098546668
Buena,Estupenda!!!!!!,1,Positivo,Positivo,5,2.220386984
Muy buena,Funciona perfectamente,2,Positivo,Positivo,5,2.295085568